,rec_id,Phone.Number,Age,Gender,State,Name,Birthday
4,rec-03-org,(749) 055-3091,48,NA,tennessee,tarnia,31-01-2007
8,rec-07-org,(625) 079-4436,85,male,arizona,lckas,15-01-2012
11,rec-10-org,(250) 316-8628,21,female,california,jke,22-08-2004
15,rec-14-org,(853) 025-0245,67,female,michigan,cooper,28-12-2003
21,rec-20-org,(905) 825-3877,53,male,arizona,lews,25-02-2001
27,rec-26-org,(378) 967-1045,73,NA,michigan,william,04-04-2010
29,rec-28-org,(297) 186-5206,51,male,massachusetts,tzoby,15-02-2009
32,rec-31-org,(211) 377-3484,84,male,new york,xavier,04-11-2011
39,rec-38-org,(763) 122-9087,84,male,florida,adam,27-02-2011
41,rec-40-org,(993) 610-7870,46,NA,michigan,klsey,01-02-2010
46,rec-45-org,(556) 634-3896,32,female,nevada,macey,21-01-2011
49,rec-48-org,(974) 587-6136,73,male,maryland,samuel,20-03-2007
52,rec-51-org,(967) 518-1851,33,female,virginia,jayme,04-01-2010
58,rec-57-org,(668) 014-1672,30,female,indiana,ethan,15-05-2005
60,rec-59-org,(751) 149-5453,30,male,illinois,grac,09-09-2012
78,rec-77-org,(575) 855-4796,81,female,iowa,sarah,08-02-2005
81,rec-80-org,(255) 771-9958,61,NA,connecticut,toby,13-05-2012
86,rec-85-org,(591) 894-9928,66,male,new york,kiera,20-09-2009
90,rec-89-org,(988) 398-2253,52,male,virginia,lachlan,08-05-2002
93,rec-92-org,(533) 563-3924,58,male,massachusetts,benjamin,24-03-2012
